<?xml version="1.0" encoding="UTF-8"?>
<project-private xmlns="http://www.netbeans.org/ns/project-private/1">
    <editor-bookmarks xmlns="http://www.netbeans.org/ns/editor-bookmarks/2" lastBookmarkId="0"/>
    <open-files xmlns="http://www.netbeans.org/ns/projectui-open-files/2">
        <group>
            <file>file:/C:/jvscript/oop/src/java/controlers/Classtg.java</file>
            <file>file:/C:/jvscript/oop/src/java/models/Coder.java</file>
            <file>file:/C:/jvscript/oop/src/java/models/Person.java</file>
            <file>file:/C:/jvscript/oop/web/index.html</file>
        </group>
    </open-files>
</project-private>
